model,cohort,cell_type,n_cells,acc_P,acc_P2BJ,delta,ci_low,ci_high,excludes_zero
geneformer,aida,B cell,107,0.0,0.6261682242990654,0.6261682242990654,0.5299978632478632,0.7226911556701888,True
geneformer,aida,"CD14-low, CD16-positive monocyte",423,0.983451536643026,0.9787234042553191,-0.004728132387706863,-0.014669926650366705,0.0045462346577908,False
geneformer,aida,CD14-positive monocyte,1932,0.984472049689441,0.8876811594202898,-0.09679089026915122,-0.11310868416214721,-0.08178020971013436,True
geneformer,aida,CD141-positive myeloid dendritic cell,5,0.0,1.0,1.0,1.0,1.0,True
geneformer,aida,"CD16-negative, CD56-bright natural killer cell, human",63,0.7936507936507936,0.9682539682539683,0.17460317460317465,0.07692307692307687,0.28302672955974845,True
geneformer,aida,"CD16-positive, CD56-dim natural killer cell, human",1576,0.9904822335025381,0.9206852791878173,-0.06979695431472077,-0.08233242338844793,-0.05760492196141082,True
geneformer,aida,CD1c-positive myeloid dendritic cell,131,0.4198473282442748,0.8473282442748091,0.42748091603053434,0.30766129032258066,0.5466752136752135,True
geneformer,aida,"CD4-positive, alpha-beta T cell",361,0.0,0.24653739612188366,0.24653739612188366,0.20658682634730538,0.2888932291666666,True
geneformer,aida,"CD4-positive, alpha-beta cytotoxic T cell",102,0.13725490196078433,0.8921568627450981,0.7549019607843137,0.6704514235764235,0.8349539585627065,True
geneformer,aida,"CD8-positive, alpha-beta T cell",579,0.6183074265975821,0.5958549222797928,-0.022452504317789335,-0.06179826353421852,0.015154083204930743,False
geneformer,aida,"CD8-positive, alpha-beta cytotoxic T cell",493,0.8823529411764706,0.8093306288032455,-0.0730223123732251,-0.10144927536231885,-0.046937181122449,True
geneformer,aida,"CD8-positive, alpha-beta memory T cell",263,0.6463878326996197,0.8365019011406845,0.1901140684410647,0.14503674905644318,0.23826750056407936,True
geneformer,aida,T cell,564,0.5585106382978723,0.5283687943262412,-0.03014184397163111,-0.052121863628310165,-0.007352941176470562,True
geneformer,aida,"central memory CD4-positive, alpha-beta T cell",1130,0.9309734513274336,0.763716814159292,-0.16725663716814154,-0.18979635527092392,-0.14425235798959643,True
geneformer,aida,double negative T regulatory cell,3,0.0,0.6666666666666666,0.6666666666666666,0.0,1.0,False
geneformer,aida,"effector memory CD4-positive, alpha-beta T cell",233,0.7424892703862661,0.8583690987124464,0.11587982832618027,0.07758620689655171,0.15686494328673173,True
geneformer,aida,gamma-delta T cell,320,0.596875,0.865625,0.26874999999999993,0.21268190298507464,0.3267433687813226,True
geneformer,aida,hematopoietic stem cell,2,0.0,0.0,0.0,0.0,0.0,False
geneformer,aida,innate lymphoid cell,6,0.0,0.8333333333333334,0.8333333333333334,0.5,1.0,True
geneformer,aida,mature B cell,51,0.0,0.6470588235294118,0.6470588235294118,0.5156131628787879,0.7759099616858235,True
geneformer,aida,memory B cell,338,0.985207100591716,0.9674556213017751,-0.01775147928994092,-0.03405837163240577,-0.002941176470588225,True
geneformer,aida,mucosal invariant T cell,219,0.9817351598173516,0.9863013698630136,0.004566210045662045,-0.009664192294096896,0.022126352015732566,False
geneformer,aida,myeloid cell,263,0.5361216730038023,0.7984790874524715,0.2623574144486692,0.20990813065861882,0.3169057025077293,True
geneformer,aida,naive B cell,335,0.9970149253731343,0.9731343283582089,-0.023880597014925398,-0.04281454783748355,-0.006755623072737105,True
geneformer,aida,"naive thymus-derived CD4-positive, alpha-beta T cell",1525,0.9757377049180328,0.921967213114754,-0.05377049180327875,-0.06508200437019096,-0.043741588156123834,True
geneformer,aida,"naive thymus-derived CD8-positive, alpha-beta T cell",851,0.982373678025852,0.981198589894242,-0.001175088131609936,-0.005727870600782064,0.002406738868832692,False
geneformer,aida,natural killer cell,235,0.09787234042553192,0.7361702127659574,0.6382978723404255,0.5714285714285715,0.7050220588235293,True
geneformer,aida,plasma cell,18,0.0,1.0,1.0,1.0,1.0,True
geneformer,aida,plasmacytoid dendritic cell,30,0.0,1.0,1.0,1.0,1.0,True
geneformer,aida,platelet,178,1.0,1.0,0.0,0.0,0.0,False
geneformer,aida,pre-conventional dendritic cell,7,0.0,0.7142857142857143,0.7142857142857143,0.2,1.0,True
geneformer,aida,regulatory T cell,157,0.8280254777070064,0.9681528662420382,0.14012738853503182,0.08964842997495662,0.19879767689542693,True
geneformer,crc,BEST4+ colonocyte,262,0.9770992366412213,0.9847328244274809,0.007633587786259555,0.0,0.02597912558645541,False
geneformer,crc,colon goblet cell,316,0.9746835443037974,0.9620253164556962,-0.012658227848101222,-0.039774785902503315,0.0,False
geneformer,crc,colonocyte,383,0.95822454308094,0.9660574412532638,0.007832898172323799,0.0,0.014240506329113892,False
geneformer,crc,early colonocyte,1285,0.864591439688716,0.8280155642023346,-0.036575875486381415,-0.0646315412826144,0.010162540412593409,False
geneformer,crc,enteroendocrine cell of colon,33,0.8787878787878788,1.0,0.12121212121212122,0.0,0.3125822368421048,False
geneformer,crc,intestinal crypt stem cell of colon,414,0.7077294685990339,0.8091787439613527,0.10144927536231885,0.027468774395003916,0.14437086092715234,True
geneformer,crc,malignant cell,4696,0.9853066439522998,0.9823253833049403,-0.002981260647359485,-0.0072067511978407385,0.0012445499628041027,False
geneformer,crc,secretory cell,1034,0.9777562862669246,0.9825918762088974,0.004835589941972862,0.0011285098286603012,0.012067148587494535,True
geneformer,crc,tuft cell of colon,149,1.0,1.0,0.0,0.0,0.0,False
geneformer,ild,B cell,25,0.24,0.96,0.72,0.47058823529411764,0.9166666666666666,True
geneformer,ild,"CD8-positive, alpha-beta cytotoxic T cell",293,0.9419795221843004,0.863481228668942,-0.07849829351535842,-0.15518920734437974,-0.03266306019895393,True
geneformer,ild,adventitial fibroblast,307,0.9804560260586319,0.9218241042345277,-0.05863192182410426,-0.11864406779661019,-0.04113815675394486,True
geneformer,ild,alveolar macrophage,176,0.48863636363636365,0.8522727272727273,0.36363636363636365,0.26020186976524706,0.5,True
geneformer,ild,alveolar type 1 fibroblast cell,74,0.5135135135135135,0.8513513513513513,0.33783783783783783,0.18181818181818177,0.4777898550724637,True
geneformer,ild,basal cell,366,0.8688524590163934,0.9644808743169399,0.09562841530054644,0.047007829977628576,0.14754098360655732,True
geneformer,ild,ciliated cell,2304,0.9848090277777778,0.9448784722222222,-0.03993055555555558,-0.05565863775998554,-0.022441344635330072,True
geneformer,ild,classical monocyte,680,0.7308823529411764,0.6794117647058824,-0.051470588235294046,-0.12204886827265404,0.0052798896229970535,False
geneformer,ild,conventional dendritic cell,163,0.8098159509202454,0.9079754601226994,0.09815950920245398,0.04597044334975364,0.16912699401794606,True
geneformer,ild,endothelial cell of arteriole,200,0.86,0.865,0.0050000000000000044,0.0,0.023255813953488306,False
geneformer,ild,endothelial cell of respiratory system lymphatic vessel,117,0.9829059829059829,0.9914529914529915,0.008547008547008628,0.0,0.04225352112676062,False
geneformer,ild,epithelial cell of lung,86,0.0,0.5813953488372093,0.5813953488372093,0.3499709302325581,0.6935604236880115,True
geneformer,ild,granzyme K-associated CD8 T cell,8,0.0,0.25,0.25,0.0,0.5,False
geneformer,ild,helper T cell,91,0.42857142857142855,0.8241758241758241,0.3956043956043956,0.29332758620689653,0.49425287356321834,True
geneformer,ild,hematopoietic cell,107,0.0,0.6355140186915887,0.6355140186915887,0.5061398777418196,0.7397328767123287,True
geneformer,ild,lung interstitial macrophage,140,0.7785714285714286,0.9357142857142857,0.15714285714285714,0.10365328006728342,0.2535263821736388,True
geneformer,ild,lung secretory cell,1724,0.9611368909512761,0.8950116009280742,-0.06612529002320189,-0.10518796864116253,-0.047197066662996556,True
geneformer,ild,macrophage,1992,0.9186746987951807,0.7530120481927711,-0.1656626506024096,-0.22390252114642356,-0.10858247027822031,True
geneformer,ild,mast cell,26,0.9615384615384616,1.0,0.038461538461538436,0.0,0.1579473684210524,False
geneformer,ild,mesothelial cell of pleura,33,1.0,1.0,0.0,0.0,0.0,False
geneformer,ild,monocyte,384,0.8255208333333334,0.8541666666666666,0.02864583333333326,0.007090949955049455,0.05349828646930105,True
geneformer,ild,"myeloid dendritic cell, human",249,0.41365461847389556,0.7389558232931727,0.3253012048192771,0.1891696043869957,0.46560150375939846,True
geneformer,ild,myofibroblast cell,53,0.20754716981132076,0.4716981132075472,0.2641509433962264,0.06776836158192091,0.5,True
geneformer,ild,natural killer cell,163,0.950920245398773,0.950920245398773,0.0,-0.02440032251562187,0.011765573486031642,False
geneformer,ild,pericyte,56,0.9107142857142857,0.8928571428571429,-0.017857142857142794,-0.0625,0.0,False
geneformer,ild,plasma cell,26,0.0,0.6923076923076923,0.6923076923076923,0.5932203389830508,1.0,True
geneformer,ild,plasmacytoid dendritic cell,14,0.7857142857142857,1.0,0.2142857142857143,0.0,0.5,False
geneformer,ild,pulmonary alveolar type 1 cell,196,0.9744897959183674,0.9846938775510204,0.010204081632653073,0.0,0.051948051948051965,False
geneformer,ild,pulmonary alveolar type 2 cell,1521,0.9684418145956607,0.9612097304404996,-0.007232084155161078,-0.02325666023492777,-0.0026663570006636096,True
geneformer,ild,pulmonary capillary endothelial cell,206,0.912621359223301,0.8203883495145631,-0.09223300970873793,-0.13450573549257752,-0.052631578947368474,True
geneformer,ild,smooth muscle cell,55,0.8,0.9818181818181818,0.18181818181818177,0.08694310252281272,0.37142857142857144,True
geneformer,ild,vein endothelial cell of respiratory system,663,0.8552036199095022,0.8491704374057315,-0.006033182503770718,-0.015538889494927493,0.0,False
scfoundation_frozen,aida,B cell,107,0.5514018691588785,0.6448598130841121,0.09345794392523366,0.03571428571428581,0.1538659793814432,True
scfoundation_frozen,aida,"CD14-low, CD16-positive monocyte",423,0.9550827423167849,0.9621749408983451,0.007092198581560183,-0.00957052815605452,0.02469288595526218,False
scfoundation_frozen,aida,CD14-positive monocyte,1932,0.9880952380952381,0.8747412008281573,-0.11335403726708082,-0.12888520413287888,-0.09879627130293717,True
scfoundation_frozen,aida,CD141-positive myeloid dendritic cell,5,1.0,1.0,0.0,0.0,0.0,False
scfoundation_frozen,aida,"CD16-negative, CD56-bright natural killer cell, human",63,0.873015873015873,0.9206349206349206,0.04761904761904756,-0.01639344262295073,0.11864406779661019,False
scfoundation_frozen,aida,"CD16-positive, CD56-dim natural killer cell, human",1576,0.9695431472081218,0.9536802030456852,-0.01586294416243661,-0.024794063189942324,-0.006686423505572409,True
scfoundation_frozen,aida,CD1c-positive myeloid dendritic cell,131,0.8015267175572519,0.7633587786259542,-0.03816793893129766,-0.11451732756873603,0.038710927731932965,False
scfoundation_frozen,aida,"CD4-positive, alpha-beta T cell",361,0.20221606648199447,0.554016620498615,0.3518005540166205,0.29516727624784855,0.4125728903069644,True
scfoundation_frozen,aida,"CD4-positive, alpha-beta cytotoxic T cell",102,0.7549019607843137,0.8333333333333334,0.07843137254901966,0.008695652173913104,0.15597988283408862,True
scfoundation_frozen,aida,"CD8-positive, alpha-beta T cell",579,0.5924006908462867,0.6476683937823834,0.05526770293609673,0.01717696003563706,0.09235755330933257,True
scfoundation_frozen,aida,"CD8-positive, alpha-beta cytotoxic T cell",493,0.7971602434077079,0.6511156186612576,-0.1460446247464503,-0.18571569734613214,-0.1044168322559549,True
scfoundation_frozen,aida,"CD8-positive, alpha-beta memory T cell",263,0.6920152091254753,0.714828897338403,0.02281368821292773,-0.03937007874015752,0.07986840012722636,False
scfoundation_frozen,aida,T cell,564,0.8067375886524822,0.5319148936170213,-0.274822695035461,-0.33011838607633,-0.21601561100562466,True
scfoundation_frozen,aida,"central memory CD4-positive, alpha-beta T cell",1130,0.9035398230088496,0.6371681415929203,-0.26637168141592926,-0.2938585428186879,-0.23939846441528131,True
scfoundation_frozen,aida,double negative T regulatory cell,3,0.0,0.6666666666666666,0.6666666666666666,0.0,1.0,False
scfoundation_frozen,aida,"effector memory CD4-positive, alpha-beta T cell",233,0.6781115879828327,0.8326180257510729,0.15450643776824025,0.09953727180527382,0.20883668005354755,True
scfoundation_frozen,aida,gamma-delta T cell,320,0.70625,0.73125,0.02499999999999991,-0.025978270095917164,0.07443969865086367,False
scfoundation_frozen,aida,hematopoietic stem cell,2,0.0,0.0,0.0,0.0,0.0,False
scfoundation_frozen,aida,innate lymphoid cell,6,0.5,0.6666666666666666,0.16666666666666663,0.0,0.5714285714285714,False
scfoundation_frozen,aida,mature B cell,51,0.49019607843137253,0.6862745098039216,0.19607843137254904,0.09090909090909094,0.3111458333333332,True
scfoundation_frozen,aida,memory B cell,338,0.9733727810650887,0.9497041420118343,-0.023668639053254448,-0.046876145527859236,-0.005469796809897316,True
scfoundation_frozen,aida,mucosal invariant T cell,219,0.9315068493150684,0.9223744292237442,-0.0091324200913242,-0.04167151162790694,0.02283366846801562,False
scfoundation_frozen,aida,myeloid cell,263,0.5703422053231939,0.7908745247148289,0.22053231939163498,0.16420759833738857,0.27645169154307103,True
scfoundation_frozen,aida,naive B cell,335,0.9940298507462687,0.991044776119403,-0.0029850746268657025,-0.016997167138810165,0.009615384615384585,False
scfoundation_frozen,aida,"naive thymus-derived CD4-positive, alpha-beta T cell",1525,0.959344262295082,0.8859016393442622,-0.07344262295081971,-0.09002595158813312,-0.05833783041312083,True
scfoundation_frozen,aida,"naive thymus-derived CD8-positive, alpha-beta T cell",851,0.936545240893067,0.9835487661574618,0.047003525264394774,0.032448939087759865,0.06393990251165654,True
scfoundation_frozen,aida,natural killer cell,235,0.5829787234042553,0.7361702127659574,0.15319148936170213,0.08107199127378506,0.22043074606891921,True
scfoundation_frozen,aida,plasma cell,18,0.7222222222222222,0.9444444444444444,0.2222222222222222,0.04540513833992091,0.4615384615384615,True
scfoundation_frozen,aida,plasmacytoid dendritic cell,30,0.9666666666666667,1.0,0.033333333333333326,0.0,0.11428571428571432,False
scfoundation_frozen,aida,platelet,178,1.0,1.0,0.0,0.0,0.0,False
scfoundation_frozen,aida,pre-conventional dendritic cell,7,0.0,0.5714285714285714,0.5714285714285714,0.0,1.0,False
scfoundation_frozen,aida,regulatory T cell,157,0.8089171974522293,0.9363057324840764,0.1273885350318471,0.0755704731818793,0.18471981885792121,True
scfoundation_frozen,crc,BEST4+ colonocyte,262,0.8969465648854962,0.916030534351145,0.01908396946564883,0.0,0.03401432913590972,False
scfoundation_frozen,crc,colon goblet cell,316,0.9873417721518988,0.9841772151898734,-0.0031645569620253333,-0.018530239099859434,0.00694504936120798,False
scfoundation_frozen,crc,colonocyte,383,0.9373368146214099,0.9268929503916449,-0.010443864229765065,-0.024735977143220914,0.02312474794999325,False
scfoundation_frozen,crc,early colonocyte,1285,0.8879377431906614,0.888715953307393,0.0007782101167315147,-0.014681749090711687,0.017083702138049897,False
scfoundation_frozen,crc,enteroendocrine cell of colon,33,0.8181818181818182,0.9090909090909091,0.09090909090909083,-0.03574735449735448,0.2222222222222222,False
scfoundation_frozen,crc,intestinal crypt stem cell of colon,414,0.7004830917874396,0.785024154589372,0.08454106280193241,0.05630853511131906,0.25,True
scfoundation_frozen,crc,malignant cell,4696,0.9899914821124361,0.9782793867120954,-0.011712095400340794,-0.01775644397324564,-0.0052479969636870785,True
scfoundation_frozen,crc,secretory cell,1034,0.9361702127659575,0.9574468085106383,0.021276595744680882,0.011082093056012049,0.044709865110011786,True
scfoundation_frozen,crc,tuft cell of colon,149,0.9731543624161074,0.9865771812080537,0.01342281879194629,0.0,0.046875,False
scfoundation_frozen,ild,B cell,25,0.8,0.84,0.039999999999999925,0.0,0.14296218487394904,False
scfoundation_frozen,ild,"CD8-positive, alpha-beta cytotoxic T cell",293,0.9419795221843004,0.9556313993174061,0.013651877133105783,-0.015310067325899393,0.049186284788410244,False
scfoundation_frozen,ild,adventitial fibroblast,307,0.9641693811074918,0.8794788273615635,-0.08469055374592838,-0.17460702727693023,-0.05296710454890903,True
scfoundation_frozen,ild,alveolar macrophage,176,0.6590909090909091,0.7840909090909091,0.125,0.05194245409762653,0.21666666666666667,True
scfoundation_frozen,ild,alveolar type 1 fibroblast cell,74,0.7162162162162162,0.8918918918918919,0.17567567567567566,0.09258547008547005,0.2571428571428571,True
scfoundation_frozen,ild,basal cell,366,0.8852459016393442,0.9207650273224044,0.03551912568306015,0.008401610644257781,0.06299499273755828,True
scfoundation_frozen,ild,ciliated cell,2304,0.9921875,0.9639756944444444,-0.02821180555555558,-0.036909943255465615,-0.018404907975460127,True
scfoundation_frozen,ild,classical monocyte,680,0.6808823529411765,0.7352941176470589,0.05441176470588238,0.008751834766198391,0.08482744887374026,True
scfoundation_frozen,ild,conventional dendritic cell,163,0.8159509202453987,0.803680981595092,-0.012269938650306678,-0.14433276059564723,0.08249570446735387,False
scfoundation_frozen,ild,endothelial cell of arteriole,200,0.865,0.91,0.04500000000000004,0.007460621248003546,0.10256849315068488,True
scfoundation_frozen,ild,endothelial cell of respiratory system lymphatic vessel,117,0.9829059829059829,0.9658119658119658,-0.017094017094017033,-0.04000671140939601,0.0,False
scfoundation_frozen,ild,epithelial cell of lung,86,0.7790697674418605,0.9069767441860465,0.12790697674418594,0.05633802816901412,0.2096986417657045,True
scfoundation_frozen,ild,granzyme K-associated CD8 T cell,8,0.125,0.25,0.125,0.0,0.5,False
scfoundation_frozen,ild,helper T cell,91,0.6593406593406593,0.6923076923076923,0.03296703296703296,-0.04082331562762084,0.11237314244291396,False
scfoundation_frozen,ild,hematopoietic cell,107,0.897196261682243,0.9252336448598131,0.028037383177570097,0.0,0.05970895522388051,False
scfoundation_frozen,ild,lung interstitial macrophage,140,0.6857142857142857,0.9285714285714286,0.24285714285714288,0.15571750173170165,0.42682926829268286,True
scfoundation_frozen,ild,lung secretory cell,1724,0.9443155452436195,0.904292343387471,-0.040023201856148494,-0.06416784317834621,-0.015543568268389107,True
scfoundation_frozen,ild,macrophage,1992,0.9086345381526104,0.7986947791164659,-0.1099397590361445,-0.15968551489513164,-0.06863287227294458,True
scfoundation_frozen,ild,mast cell,26,1.0,1.0,0.0,0.0,0.0,False
scfoundation_frozen,ild,mesothelial cell of pleura,33,1.0,1.0,0.0,0.0,0.0,False
scfoundation_frozen,ild,monocyte,384,0.8567708333333334,0.8697916666666666,0.01302083333333326,-0.005155981529209605,0.06107707245212262,False
scfoundation_frozen,ild,"myeloid dendritic cell, human",249,0.44176706827309237,0.6184738955823293,0.17670682730923698,0.06281243184296628,0.2894133126934984,True
scfoundation_frozen,ild,myofibroblast cell,53,0.5471698113207547,0.5283018867924528,-0.018867924528301883,-0.12246994688286275,0.08774853801169574,False
scfoundation_frozen,ild,natural killer cell,163,0.852760736196319,0.8650306748466258,0.012269938650306789,-0.022222222222222254,0.06976744186046513,False
scfoundation_frozen,ild,pericyte,56,0.7142857142857143,0.75,0.0357142857142857,-0.127014652014652,0.20000000000000007,False
scfoundation_frozen,ild,plasma cell,26,0.38461538461538464,0.6153846153846154,0.23076923076923078,0.0,0.3050847457627119,False
scfoundation_frozen,ild,plasmacytoid dendritic cell,14,1.0,1.0,0.0,0.0,0.0,False
scfoundation_frozen,ild,pulmonary alveolar type 1 cell,196,0.9489795918367347,0.9744897959183674,0.025510204081632626,0.003477857704844301,0.10128519762335302,True
scfoundation_frozen,ild,pulmonary alveolar type 2 cell,1521,0.9618671926364234,0.9598948060486522,-0.0019723865877712132,-0.026380800121807265,0.01654149323359663,False
scfoundation_frozen,ild,pulmonary capillary endothelial cell,206,0.8737864077669902,0.8495145631067961,-0.024271844660194164,-0.08397418940367311,0.02985635731118847,False
scfoundation_frozen,ild,smooth muscle cell,55,0.9272727272727272,0.9818181818181818,0.054545454545454564,0.0,0.17865259740259698,False
scfoundation_frozen,ild,vein endothelial cell of respiratory system,663,0.8446455505279035,0.799396681749623,-0.04524886877828049,-0.09423214285714286,-0.019138755980861233,True
scfoundation_ft,aida,B cell,107,0.5420560747663551,0.7102803738317757,0.16822429906542058,0.0934410829559688,0.2450980392156863,True
scfoundation_ft,aida,"CD14-low, CD16-positive monocyte",423,0.966903073286052,0.9881796690307328,0.021276595744680882,0.009236286204631631,0.03623282270781712,True
scfoundation_ft,aida,CD14-positive monocyte,1932,0.9730848861283644,0.9353002070393375,-0.03778467908902694,-0.04790637816698376,-0.02854149496704189,True
scfoundation_ft,aida,CD141-positive myeloid dendritic cell,5,1.0,1.0,0.0,0.0,0.0,False
scfoundation_ft,aida,"CD16-negative, CD56-bright natural killer cell, human",63,0.9047619047619048,1.0,0.09523809523809523,0.032258064516129004,0.17462406015037588,True
scfoundation_ft,aida,"CD16-positive, CD56-dim natural killer cell, human",1576,0.9739847715736041,0.8274111675126904,-0.1465736040609137,-0.1660301631483569,-0.1278316110430127,True
scfoundation_ft,aida,CD1c-positive myeloid dendritic cell,131,0.7404580152671756,0.6641221374045801,-0.07633587786259544,-0.1870616007194244,0.02963515754560521,False
scfoundation_ft,aida,"CD4-positive, alpha-beta T cell",361,0.3074792243767313,0.6232686980609419,0.31578947368421056,0.25648027395761136,0.37725730604009367,True
scfoundation_ft,aida,"CD4-positive, alpha-beta cytotoxic T cell",102,0.7352941176470589,0.8529411764705882,0.11764705882352933,0.03191489361702127,0.2027322225137758,True
scfoundation_ft,aida,"CD8-positive, alpha-beta T cell",579,0.4991364421416235,0.8307426597582038,0.3316062176165803,0.2862182095034406,0.37438584116145324,True
scfoundation_ft,aida,"CD8-positive, alpha-beta cytotoxic T cell",493,0.9249492900608519,0.7809330628803245,-0.14401622718052742,-0.17876821649800023,-0.11270261039728258,True
scfoundation_ft,aida,"CD8-positive, alpha-beta memory T cell",263,0.8821292775665399,0.44106463878326996,-0.44106463878326996,-0.504003305785124,-0.37958479943701623,True
scfoundation_ft,aida,T cell,564,0.74822695035461,0.6702127659574468,-0.07801418439716312,-0.1075538030660377,-0.04587115512191971,True
scfoundation_ft,aida,"central memory CD4-positive, alpha-beta T cell",1130,0.9283185840707965,0.4964601769911504,-0.43185840707964607,-0.46541486701438156,-0.4,True
scfoundation_ft,aida,double negative T regulatory cell,3,0.3333333333333333,1.0,0.6666666666666667,0.0,1.0,False
scfoundation_ft,aida,"effector memory CD4-positive, alpha-beta T cell",233,0.6609442060085837,0.8497854077253219,0.18884120171673813,0.12096078976640712,0.2580683022868393,True
scfoundation_ft,aida,gamma-delta T cell,320,0.675,0.8125,0.13749999999999996,0.09148171928942983,0.18819598898043774,True
scfoundation_ft,aida,hematopoietic stem cell,2,0.0,0.5,0.5,0.0,1.0,False
scfoundation_ft,aida,innate lymphoid cell,6,0.6666666666666666,0.8333333333333334,0.16666666666666674,0.0,0.5555555555555556,False
scfoundation_ft,aida,mature B cell,51,0.5882352941176471,0.803921568627451,0.21568627450980393,0.09432488207547178,0.346960958296362,True
scfoundation_ft,aida,memory B cell,338,0.9467455621301775,0.9349112426035503,-0.011834319526627168,-0.03395588911893264,0.009148452157598493,False
scfoundation_ft,aida,mucosal invariant T cell,219,0.7899543378995434,0.958904109589041,0.16894977168949765,0.12036591880341878,0.2222222222222222,True
scfoundation_ft,aida,myeloid cell,263,0.7414448669201521,0.7414448669201521,0.0,-0.04296875,0.04316900810060617,False
scfoundation_ft,aida,naive B cell,335,1.0,0.9283582089552239,-0.07164179104477608,-0.09942178597619455,-0.04570779220779224,True
scfoundation_ft,aida,"naive thymus-derived CD4-positive, alpha-beta T cell",1525,0.8596721311475409,0.64,-0.21967213114754092,-0.24188595251612433,-0.1980317381189764,True
scfoundation_ft,aida,"naive thymus-derived CD8-positive, alpha-beta T cell",851,0.982373678025852,0.9917743830787309,0.009400705052878933,0.003476245654692953,0.016522012060973822,True
scfoundation_ft,aida,natural killer cell,235,0.5191489361702127,0.8553191489361702,0.3361702127659575,0.25855466938699806,0.4083349236641221,True
scfoundation_ft,aida,plasma cell,18,0.2777777777777778,0.9444444444444444,0.6666666666666666,0.42105263157894735,0.9131340579710141,True
scfoundation_ft,aida,plasmacytoid dendritic cell,30,0.9666666666666667,1.0,0.033333333333333326,0.0,0.11428571428571432,False
scfoundation_ft,aida,platelet,178,1.0,1.0,0.0,0.0,0.0,False
scfoundation_ft,aida,pre-conventional dendritic cell,7,0.0,0.7142857142857143,0.7142857142857143,0.2,1.0,True
scfoundation_ft,aida,regulatory T cell,157,0.8662420382165605,0.9554140127388535,0.08917197452229297,0.049174595895907315,0.1360544217687074,True
scfoundation_ft,crc,BEST4+ colonocyte,262,0.9770992366412213,0.9732824427480916,-0.003816793893129722,-0.016395694469464976,0.013515811730097405,False
scfoundation_ft,crc,colon goblet cell,316,0.9778481012658228,0.9746835443037974,-0.0031645569620253333,-0.018454768398615637,0.007042253521126754,False
scfoundation_ft,crc,colonocyte,383,0.9190600522193212,0.9556135770234987,0.036553524804177506,0.022321202187771692,0.06107707245212262,True
scfoundation_ft,crc,early colonocyte,1285,0.9400778210116731,0.8824902723735408,-0.05758754863813231,-0.08912450191558965,0.0031008126934983517,False
scfoundation_ft,crc,enteroendocrine cell of colon,33,0.7878787878787878,0.8484848484848485,0.06060606060606066,0.0,0.125,False
scfoundation_ft,crc,intestinal crypt stem cell of colon,414,0.6183574879227053,0.8164251207729468,0.19806763285024154,0.045405138339920964,0.23697954299132945,True
scfoundation_ft,crc,malignant cell,4696,0.99190800681431,0.9748722316865417,-0.017035775127768327,-0.0241770623742455,-0.010018700799746746,True
scfoundation_ft,crc,secretory cell,1034,0.9671179883945842,0.9796905222437138,0.012572533849129597,0.006257209312174517,0.025479271207438075,True
scfoundation_ft,crc,tuft cell of colon,149,0.9731543624161074,0.9932885906040269,0.020134228187919434,0.0,0.06400550458715588,False
scfoundation_ft,ild,B cell,25,0.88,0.84,-0.040000000000000036,-0.11111111111111105,0.0,False
scfoundation_ft,ild,"CD8-positive, alpha-beta cytotoxic T cell",293,0.9351535836177475,0.9419795221843004,0.0068259385665528916,-0.023809523809523836,0.02325901282748475,False
scfoundation_ft,ild,adventitial fibroblast,307,0.9837133550488599,0.9315960912052117,-0.05211726384364823,-0.14189722617354195,-0.027340428358843556,True
scfoundation_ft,ild,alveolar macrophage,176,0.625,0.7443181818181818,0.11931818181818177,0.037481617647058804,0.21557532417180028,True
scfoundation_ft,ild,alveolar type 1 fibroblast cell,74,0.5945945945945946,0.8243243243243243,0.22972972972972971,0.10666666666666669,0.337688521156263,True
scfoundation_ft,ild,basal cell,366,0.8469945355191257,0.9480874316939891,0.10109289617486339,0.025308544303797493,0.13095725995316154,True
scfoundation_ft,ild,ciliated cell,2304,0.9947916666666666,0.9596354166666666,-0.03515625,-0.04703179204630054,-0.021854179939488846,True
scfoundation_ft,ild,classical monocyte,680,0.6617647058823529,0.7470588235294118,0.08529411764705885,0.03382870802238803,0.11447948916408662,True
scfoundation_ft,ild,conventional dendritic cell,163,0.6503067484662577,0.7852760736196319,0.13496932515337423,0.02584051724137931,0.23786985668053626,True
scfoundation_ft,ild,endothelial cell of arteriole,200,0.865,0.9,0.03500000000000003,0.007351599398883616,0.0822095251614734,True
scfoundation_ft,ild,endothelial cell of respiratory system lymphatic vessel,117,1.0,0.9914529914529915,-0.008547008547008517,-0.04225352112676062,0.0,False
scfoundation_ft,ild,epithelial cell of lung,86,0.7558139534883721,0.8837209302325582,0.12790697674418605,0.06119990164740602,0.2040871187184551,True
scfoundation_ft,ild,granzyme K-associated CD8 T cell,8,0.0,0.25,0.25,0.0,1.0,False
scfoundation_ft,ild,helper T cell,91,0.5714285714285714,0.6153846153846154,0.04395604395604402,-0.03572070914696823,0.1403677462887989,False
scfoundation_ft,ild,hematopoietic cell,107,0.9065420560747663,0.9252336448598131,0.01869158878504673,-0.019230769230769166,0.057858447049778966,False
scfoundation_ft,ild,lung interstitial macrophage,140,0.8642857142857143,0.8785714285714286,0.014285714285714235,-0.022058823529411797,0.08249570446735387,False
scfoundation_ft,ild,lung secretory cell,1724,0.9501160092807425,0.9303944315545244,-0.019721577726218076,-0.04291956763630592,0.025168842704867224,False
scfoundation_ft,ild,macrophage,1992,0.8729919678714859,0.8343373493975904,-0.03865461847389551,-0.0717450062955033,-0.0221903815445608,True
scfoundation_ft,ild,mast cell,26,1.0,1.0,0.0,0.0,0.0,False
scfoundation_ft,ild,mesothelial cell of pleura,33,1.0,1.0,0.0,0.0,0.0,False
scfoundation_ft,ild,monocyte,384,0.875,0.8411458333333334,-0.03385416666666663,-0.06569428737877389,0.050281339174470474,False
scfoundation_ft,ild,"myeloid dendritic cell, human",249,0.7108433734939759,0.678714859437751,-0.032128514056224855,-0.07628748370273795,0.02586486789072994,False
scfoundation_ft,ild,myofibroblast cell,53,0.6037735849056604,0.7358490566037735,0.13207547169811318,-0.05714285714285716,0.3181818181818181,False
scfoundation_ft,ild,natural killer cell,163,0.9570552147239264,0.9202453987730062,-0.036809815950920255,-0.06748793747134461,0.009526098901098963,False
scfoundation_ft,ild,pericyte,56,0.875,0.8571428571428571,-0.017857142857142905,-0.03749999999999998,0.0,False
scfoundation_ft,ild,plasma cell,26,0.5384615384615384,0.8461538461538461,0.3076923076923077,0.0,0.4067796610169491,False
scfoundation_ft,ild,plasmacytoid dendritic cell,14,1.0,1.0,0.0,0.0,0.0,False
scfoundation_ft,ild,pulmonary alveolar type 1 cell,196,0.9591836734693877,0.9744897959183674,0.015306122448979664,0.0,0.06494212309429699,False
scfoundation_ft,ild,pulmonary alveolar type 2 cell,1521,0.9671268902038133,0.9585798816568047,-0.008547008547008517,-0.03500961307378028,-0.002121772354332293,True
scfoundation_ft,ild,pulmonary capillary endothelial cell,206,0.9223300970873787,0.8349514563106796,-0.0873786407766991,-0.1968633443845835,-0.01104670470669926,True
scfoundation_ft,ild,smooth muscle cell,55,0.9090909090909091,0.9818181818181818,0.07272727272727275,0.017241379310344862,0.17865259740259698,True
scfoundation_ft,ild,vein endothelial cell of respiratory system,663,0.8431372549019608,0.8069381598793364,-0.03619909502262442,-0.07300121654501218,-0.01574684278595619,True
scgpt,aida,B cell,107,0.27102803738317754,0.3177570093457944,0.04672897196261683,0.0,0.09823145604395596,False
scgpt,aida,"CD14-low, CD16-positive monocyte",423,0.9030732860520094,0.9574468085106383,0.05437352245862892,0.03170731707317065,0.0787604194834052,True
scgpt,aida,CD14-positive monocyte,1932,0.9798136645962733,0.9032091097308489,-0.07660455486542439,-0.08937816427588037,-0.0639407598999293,True
scgpt,aida,CD141-positive myeloid dendritic cell,5,1.0,0.8,-0.19999999999999996,-0.625,0.0,False
scgpt,aida,"CD16-negative, CD56-bright natural killer cell, human",63,0.5873015873015873,0.9206349206349206,0.33333333333333326,0.20633753501400554,0.46551724137931033,True
scgpt,aida,"CD16-positive, CD56-dim natural killer cell, human",1576,0.950507614213198,0.7341370558375635,-0.21637055837563446,-0.23803437467103855,-0.19453350683148996,True
scgpt,aida,CD1c-positive myeloid dendritic cell,131,0.6564885496183206,0.6641221374045801,0.007633587786259555,-0.10924983131938912,0.12295397225725095,False
scgpt,aida,"CD4-positive, alpha-beta T cell",361,0.16620498614958448,0.5041551246537396,0.3379501385041551,0.28362064921662444,0.3914411280362289,True
scgpt,aida,"CD4-positive, alpha-beta cytotoxic T cell",102,0.5588235294117647,0.4411764705882353,-0.11764705882352944,-0.20455230010952907,-0.0282985649747542,True
scgpt,aida,"CD8-positive, alpha-beta T cell",579,0.40414507772020725,0.3316062176165803,-0.07253886010362692,-0.11409530848745117,-0.030130410772694436,True
scgpt,aida,"CD8-positive, alpha-beta cytotoxic T cell",493,0.5720081135902637,0.7647058823529411,0.1926977687626774,0.14901633986928098,0.23945290686852383,True
scgpt,aida,"CD8-positive, alpha-beta memory T cell",263,0.752851711026616,0.5741444866920152,-0.17870722433460073,-0.2380995358432182,-0.11714801934467207,True
scgpt,aida,T cell,564,0.4237588652482269,0.2783687943262411,-0.1453900709219858,-0.18152612310222202,-0.11052583905415714,True
scgpt,aida,"central memory CD4-positive, alpha-beta T cell",1130,0.7575221238938054,0.5964601769911504,-0.16106194690265496,-0.19175876339875883,-0.1312848718227895,True
scgpt,aida,double negative T regulatory cell,3,0.0,0.0,0.0,0.0,0.0,False
scgpt,aida,"effector memory CD4-positive, alpha-beta T cell",233,0.38626609442060084,0.6266094420600858,0.240343347639485,0.18316357699599742,0.30253059730116105,True
scgpt,aida,gamma-delta T cell,320,0.85625,0.78125,-0.07499999999999996,-0.11515734265734262,-0.03503017682953989,True
scgpt,aida,hematopoietic stem cell,2,0.0,0.5,0.5,0.0,1.0,False
scgpt,aida,innate lymphoid cell,6,0.3333333333333333,0.6666666666666666,0.3333333333333333,0.0,0.8049999999999955,False
scgpt,aida,mature B cell,51,0.3137254901960784,0.35294117647058826,0.03921568627450983,-0.051724137931034475,0.1296497584541062,False
scgpt,aida,memory B cell,338,0.8757396449704142,0.9556213017751479,0.07988165680473369,0.052019373323782744,0.11075973709834473,True
scgpt,aida,mucosal invariant T cell,219,0.8127853881278538,0.8721461187214612,0.05936073059360736,0.018346529261446944,0.10408103000236231,True
scgpt,aida,myeloid cell,263,0.46387832699619774,0.5171102661596958,0.053231939163498054,-0.01149759422614273,0.1185231814548361,False
scgpt,aida,naive B cell,335,0.9731343283582089,0.9582089552238806,-0.01492537313432829,-0.040752351097178674,0.006850495984884288,False
scgpt,aida,"naive thymus-derived CD4-positive, alpha-beta T cell",1525,0.8918032786885246,0.5081967213114754,-0.3836065573770492,-0.4100731398902183,-0.3570019396661733,True
scgpt,aida,"naive thymus-derived CD8-positive, alpha-beta T cell",851,0.8965922444183314,0.9200940070505288,0.023501762632197387,0.010476387587142044,0.038071945229246965,True
scgpt,aida,natural killer cell,235,0.37446808510638296,0.7191489361702128,0.34468085106382984,0.27599999999999997,0.40964759036144577,True
scgpt,aida,plasma cell,18,0.5555555555555556,0.9444444444444444,0.38888888888888884,0.16666666666666663,0.6470588235294117,True
scgpt,aida,plasmacytoid dendritic cell,30,1.0,1.0,0.0,0.0,0.0,False
scgpt,aida,platelet,178,1.0,1.0,0.0,0.0,0.0,False
scgpt,aida,pre-conventional dendritic cell,7,0.0,0.7142857142857143,0.7142857142857143,0.2,1.0,True
scgpt,aida,regulatory T cell,157,0.2484076433121019,0.4140127388535032,0.1656050955414013,0.10493109388458229,0.22820217572487606,True
scgpt,crc,BEST4+ colonocyte,262,0.9885496183206107,0.9770992366412213,-0.011450381679389388,-0.024097840637913943,0.0,False
scgpt,crc,colon goblet cell,316,0.9683544303797469,0.9367088607594937,-0.03164556962025322,-0.06250754830917875,-0.011493429503013526,True
scgpt,crc,colonocyte,383,0.7702349869451697,0.8825065274151436,0.1122715404699739,0.013631025015253238,0.16520858181271772,True
scgpt,crc,early colonocyte,1285,0.6669260700389105,0.7673151750972763,0.10038910505836585,0.036767428816033156,0.25101847262467586,True
scgpt,crc,enteroendocrine cell of colon,33,0.8787878787878788,0.8484848484848485,-0.030303030303030276,-0.11111111111111116,0.0,False
scgpt,crc,intestinal crypt stem cell of colon,414,0.8454106280193237,0.7995169082125604,-0.04589371980676327,-0.25,-0.00706651570198571,True
scgpt,crc,malignant cell,4696,0.9593270868824532,0.9284497444633731,-0.030877342419080023,-0.052070741900157036,-0.014011841940653675,True
scgpt,crc,secretory cell,1034,0.9458413926499033,0.9729206963249516,0.027079303675048294,0.013120000824606232,0.04745450582870743,True
scgpt,crc,tuft cell of colon,149,0.9932885906040269,0.9798657718120806,-0.01342281879194629,-0.08643317230273746,0.013074045407636792,False
scgpt,ild,B cell,25,0.64,0.84,0.19999999999999996,0.03703703703703709,0.4117647058823529,True
scgpt,ild,"CD8-positive, alpha-beta cytotoxic T cell",293,0.8020477815699659,0.8703071672354948,0.06825938566552892,-0.028387729807890862,0.18549793698424605,False
scgpt,ild,adventitial fibroblast,307,0.990228013029316,0.8501628664495114,-0.1400651465798045,-0.2742137096774193,-0.10327761499406406,True
scgpt,ild,alveolar macrophage,176,0.3181818181818182,0.7556818181818182,0.43750000000000006,0.3507069656004618,0.5500211864406778,True
scgpt,ild,alveolar type 1 fibroblast cell,74,0.6351351351351351,0.8918918918918919,0.2567567567567568,0.10446001126443263,0.46342347119123356,True
scgpt,ild,basal cell,366,0.9508196721311475,0.8032786885245902,-0.14754098360655732,-0.17613942936559843,-0.10370178468624058,True
scgpt,ild,ciliated cell,2304,0.9496527777777778,0.9743923611111112,0.02473958333333337,0.01634874202510479,0.03061983352976242,True
scgpt,ild,classical monocyte,680,0.2926470588235294,0.4117647058823529,0.1191176470588235,0.06350362174651863,0.22535211267605634,True
scgpt,ild,conventional dendritic cell,163,0.9079754601226994,0.9141104294478528,0.00613496932515345,-0.038839687426000455,0.05769628099173553,False
scgpt,ild,endothelial cell of arteriole,200,0.855,0.8,-0.05499999999999994,-0.11650485436893199,-0.02145750613940465,True
scgpt,ild,endothelial cell of respiratory system lymphatic vessel,117,0.9658119658119658,0.9572649572649573,-0.008547008547008517,-0.055058613659531096,0.022909639623646356,False
scgpt,ild,epithelial cell of lung,86,0.8255813953488372,0.8837209302325582,0.05813953488372092,0.0,0.11115023474178387,False
scgpt,ild,granzyme K-associated CD8 T cell,8,0.0,0.25,0.25,0.0,1.0,False
scgpt,ild,helper T cell,91,0.8571428571428571,0.7252747252747253,-0.13186813186813184,-0.1985114503816794,-0.050000000000000044,True
scgpt,ild,hematopoietic cell,107,0.9065420560747663,0.7663551401869159,-0.14018691588785048,-0.22990716180371357,-0.08196481641261623,True
scgpt,ild,lung interstitial macrophage,140,0.9714285714285714,0.8,-0.17142857142857137,-0.283994708994709,-0.11475409836065575,True
scgpt,ild,lung secretory cell,1724,0.8764501160092807,0.839907192575406,-0.03654292343387466,-0.06356185091939043,-0.016753273270456906,True
scgpt,ild,macrophage,1992,0.6726907630522089,0.7871485943775101,0.11445783132530118,0.021069448811561864,0.22499742502586625,True
scgpt,ild,mast cell,26,0.9615384615384616,1.0,0.038461538461538436,0.0,0.1539062499999997,False
scgpt,ild,mesothelial cell of pleura,33,0.9696969696969697,1.0,0.030303030303030276,0.0,0.11770588235294088,False
scgpt,ild,monocyte,384,0.9270833333333334,0.84375,-0.08333333333333337,-0.1461370466140192,-0.022519683549095323,True
scgpt,ild,"myeloid dendritic cell, human",249,0.6345381526104418,0.6024096385542169,-0.032128514056224855,-0.09882135099526414,0.0663790560471976,False
scgpt,ild,myofibroblast cell,53,0.22641509433962265,0.5094339622641509,0.2830188679245283,0.0,0.6428571428571428,False
scgpt,ild,natural killer cell,163,0.6319018404907976,0.7975460122699386,0.16564417177914104,0.09997747747747746,0.2291699840764332,True
scgpt,ild,pericyte,56,0.44642857142857145,0.5535714285714286,0.10714285714285715,-0.06456989247311833,0.19999999999999996,False
scgpt,ild,plasma cell,26,0.5384615384615384,0.5384615384615384,0.0,0.0,0.0,False
scgpt,ild,plasmacytoid dendritic cell,14,1.0,1.0,0.0,0.0,0.0,False
scgpt,ild,pulmonary alveolar type 1 cell,196,0.9795918367346939,0.9693877551020408,-0.010204081632653073,-0.07692307692307687,0.026333570412517764,False
scgpt,ild,pulmonary alveolar type 2 cell,1521,0.9658119658119658,0.9671268902038133,0.0013149243918474385,-0.00454723282999914,0.028138629663019894,False
scgpt,ild,pulmonary capillary endothelial cell,206,0.883495145631068,0.7864077669902912,-0.09708737864077677,-0.2585546522131888,0.014221410916347325,False
scgpt,ild,smooth muscle cell,55,0.9636363636363636,1.0,0.036363636363636376,0.0,0.1333333333333333,False
scgpt,ild,vein endothelial cell of respiratory system,663,0.799396681749623,0.7526395173453997,-0.046757164404223284,-0.07727424242424243,-0.03266008983272526,True
